bw,loss,delay_c2_ms,udp_off_mean,iter,md5_hash_1,md5_hash_2,ttc1,ttc2,size1_bytes,size2_bytes,thr1_mbps,thr2_mbps,link_util,jfi 
100,0,5,None,0,141686308dc50e95bda2d683cc2dc803,ac2c91615ee72355165aa20d63250569,13.870510,14.044114,939280,805940,0.541742,0.459091,0.010008,0.999961
200,0,5,None,0,67d9ea16a7ca6be5ba14a8def4dd8473,5fbfd55ea8012d0c5be58d11e0184a25,3.322461,12.973866,32317690,3327600,77.816266,2.051879,0.399341,0.740328
