bw,loss,delay_c2_ms,udp_off_mean,iter,md5_hash_1,md5_hash_2,ttc1,ttc2,size1_bytes,size2_bytes,thr1_mbps,thr2_mbps,link_util,jfi 
100,0,5,None,0,4195c96808dcfd6f096aa89af69ddb26,7f5d7148f59a8b493985cf63e641ce3b,11.291843,10.874141,1124540,614780,0.796710,0.452288,0.012490,0.999645
