bw,loss,delay_c2_ms,udp_off_mean,iter,md5_hash_1,md5_hash_2,ttc1,ttc2,size1_bytes,size2_bytes,thr1_mbps,thr2_mbps,link_util,jfi 
100,0,5,None,0,67d9ea16a7ca6be5ba14a8def4dd8473,67d9ea16a7ca6be5ba14a8def4dd8473,10.408390,8.183867,32317690,32317690,24.839724,31.591610,0.564313,0.985886
100,0,10,None,0,67d9ea16a7ca6be5ba14a8def4dd8473,67d9ea16a7ca6be5ba14a8def4dd8473,7.782882,92.988536,32317690,32317690,33.219251,2.780359,0.359996,0.583115
100,0,15,None,0,67d9ea16a7ca6be5ba14a8def4dd8473,67d9ea16a7ca6be5ba14a8def4dd8473,9.944395,107.837412,32317690,32317690,25.998717,2.397512,0.283962,0.591439
100,0,20,None,0,67d9ea16a7ca6be5ba14a8def4dd8473,67d9ea16a7ca6be5ba14a8def4dd8473,9.993163,131.783202,32317690,32317690,25.871840,1.961870,0.278337,0.575397
100,0,25,None,0,67d9ea16a7ca6be5ba14a8def4dd8473,67d9ea16a7ca6be5ba14a8def4dd8473,10.119486,147.611014,32317690,32317690,25.548879,1.751506,0.273004,0.568234
