bw,loss,delay_c2_ms,udp_off_mean,iter,md5_hash_1,md5_hash_2,ttc1,ttc2,size1_bytes,size2_bytes,thr1_mbps,thr2_mbps,link_util,jfi 
100,0.0,5,None,0,67d9ea16a7ca6be5ba14a8def4dd8473,67d9ea16a7ca6be5ba14a8def4dd8473,9.742711,12.806520,32317690,32317690,26.536918,20.188273,0.467252,0.981873
100,0.5,5,None,0,67d9ea16a7ca6be5ba14a8def4dd8473,67d9ea16a7ca6be5ba14a8def4dd8473,150.211653,53.777282,32317690,32317690,1.721182,4.807635,0.065288,0.817337
100,1.0,5,None,0,67d9ea16a7ca6be5ba14a8def4dd8473,67d9ea16a7ca6be5ba14a8def4dd8473,73.850114,68.908861,32317690,32317690,3.500895,3.751934,0.072528,0.998803
100,1.5,5,None,0,67d9ea16a7ca6be5ba14a8def4dd8473,67d9ea16a7ca6be5ba14a8def4dd8473,80.020043,80.294561,32317690,32317690,3.230960,3.219913,0.064509,0.999997
100,2.0,5,None,0,67d9ea16a7ca6be5ba14a8def4dd8473,67d9ea16a7ca6be5ba14a8def4dd8473,86.609851,89.813196,32317690,32317690,2.985128,2.878659,0.058638,0.999670
