bw,loss,delay_c2_ms,udp_off_mean,iter,md5_hash_1,md5_hash_2,ttc1,ttc2,size1_bytes,size2_bytes,thr1_mbps,thr2_mbps,link_util,jfi 
100,0,5,1.5,0,67d9ea16a7ca6be5ba14a8def4dd8473,67d9ea16a7ca6be5ba14a8def4dd8473,37.258042,37.371326,32317690,32317690,6.939214,6.918179,0.138574,0.999998
100,0,5,0.8,0,67d9ea16a7ca6be5ba14a8def4dd8473,67d9ea16a7ca6be5ba14a8def4dd8473,93.339947,76.361077,32317690,32317690,2.769891,3.385776,0.061557,0.990089
100,0,5,0.5,0,67d9ea16a7ca6be5ba14a8def4dd8473,67d9ea16a7ca6be5ba14a8def4dd8473,83.324906,144.242830,32317690,32317690,3.102812,1.792405,0.048952,0.933133
