bw,loss,delay_c2_ms,udp_off_mean,iter,md5_hash_1,md5_hash_2,ttc1,ttc2,size1_bytes,size2_bytes,thr1_mbps,thr2_mbps,link_util,jfi 
100,0,5,None,0,67d9ea16a7ca6be5ba14a8def4dd8473,67d9ea16a7ca6be5ba14a8def4dd8473,7.466805,7.889858,32317690,32317690,34.625453,32.768845,0.673943,0.999242
100,0,10,None,0,67d9ea16a7ca6be5ba14a8def4dd8473,67d9ea16a7ca6be5ba14a8def4dd8473,8.106765,8.149239,32317690,32317690,31.892072,31.725849,0.636179,0.999993
100,0,15,None,0,67d9ea16a7ca6be5ba14a8def4dd8473,67d9ea16a7ca6be5ba14a8def4dd8473,8.020737,9.826336,32317690,32317690,32.234133,26.311080,0.585452,0.989868
100,0,20,None,0,67d9ea16a7ca6be5ba14a8def4dd8473,67d9ea16a7ca6be5ba14a8def4dd8473,7.904085,11.239116,32317690,32317690,32.709861,23.003723,0.557136,0.970543
100,0,25,None,0,67d9ea16a7ca6be5ba14a8def4dd8473,67d9ea16a7ca6be5ba14a8def4dd8473,7.669486,10.632403,32317690,32317690,33.710412,24.316376,0.580268,0.974461
