bw,loss,delay_c2_ms,udp_off_mean,iter,md5_hash_1,md5_hash_2,ttc1,ttc2,size1_bytes,size2_bytes,thr1_mbps,thr2_mbps,link_util,jfi 
100,0.0,5,None,0,67d9ea16a7ca6be5ba14a8def4dd8473,67d9ea16a7ca6be5ba14a8def4dd8473,5.915492,5.842643,32317690,32317690,43.705837,44.250780,0.879566,0.999962
100,0.5,5,None,0,67d9ea16a7ca6be5ba14a8def4dd8473,67d9ea16a7ca6be5ba14a8def4dd8473,45.877843,38.683349,32317690,32317690,5.635433,6.683535,0.123190,0.992813
100,1.0,5,None,0,67d9ea16a7ca6be5ba14a8def4dd8473,67d9ea16a7ca6be5ba14a8def4dd8473,77.636767,62.229871,32317690,32317690,3.330143,4.154621,0.074848,0.988012
100,1.5,5,None,0,67d9ea16a7ca6be5ba14a8def4dd8473,67d9ea16a7ca6be5ba14a8def4dd8473,112.699462,93.604044,32317690,32317690,2.294079,2.762076,0.050562,0.991505
100,2.0,5,None,0,67d9ea16a7ca6be5ba14a8def4dd8473,67d9ea16a7ca6be5ba14a8def4dd8473,132.903018,135.859849,32317690,32317690,1.945340,1.903002,0.038483,0.999879
