bw,loss,delay_c2_ms,udp_off_mean,iter,md5_hash_1,md5_hash_2,ttc1,ttc2,size1_bytes,size2_bytes,thr1_mbps,thr2_mbps,link_util,jfi 
100,0,5,None,0,4484a7635e211e5b97c770e5c3d384b6,2b81e902a9bd24961dfe23c3d6becca8,80.988556,88.084673,1079700,684400,0.106652,0.062158,0.001688,0.998242
