bw,loss,delay_c2_ms,udp_off_mean,iter,md5_hash_1,md5_hash_2,ttc1,ttc2,size1_bytes,size2_bytes,thr1_mbps,thr2_mbps,link_util,jfi 
100,0,5,None,0,a5c61ff7a6424404010b33ceac567153,9a248fa164a45279385a04142d3c0098,90.768510,79.309092,1148140,647820,0.101193,0.065346,0.001665,0.995481
