bw,loss,delay_c2_ms,udp_off_mean,iter,md5_hash_1,md5_hash_2,ttc1,ttc2,size1_bytes,size2_bytes,thr1_mbps,thr2_mbps,link_util,jfi 
100,0.0,5,None,0,67d9ea16a7ca6be5ba14a8def4dd8473,67d9ea16a7ca6be5ba14a8def4dd8473,6.745657,7.740736,32317690,32317690,38.327105,33.400123,0.717272,0.995304
100,0.5,5,None,0,67d9ea16a7ca6be5ba14a8def4dd8473,67d9ea16a7ca6be5ba14a8def4dd8473,28.124235,30.527019,32317690,32317690,9.192837,8.469268,0.176621,0.998324
100,1.0,5,None,0,67d9ea16a7ca6be5ba14a8def4dd8473,67d9ea16a7ca6be5ba14a8def4dd8473,44.649947,45.094472,32317690,32317690,5.790410,5.733331,0.115237,0.999975
100,1.5,5,None,0,67d9ea16a7ca6be5ba14a8def4dd8473,67d9ea16a7ca6be5ba14a8def4dd8473,61.824801,57.266171,32317690,32317690,4.181842,4.514734,0.086966,0.998537
100,2.0,5,None,0,67d9ea16a7ca6be5ba14a8def4dd8473,67d9ea16a7ca6be5ba14a8def4dd8473,75.402949,72.828508,32317690,32317690,3.428799,3.550004,0.069788,0.999698
