bw,loss,delay_c2_ms,udp_off_mean,iter,md5_hash_1,md5_hash_2,ttc1,ttc2,size1_bytes,size2_bytes,thr1_mbps,thr2_mbps,link_util,jfi 
100,0.0,5,None,0,67d9ea16a7ca6be5ba14a8def4dd8473,67d9ea16a7ca6be5ba14a8def4dd8473,8.310084,10.190847,32317690,32317690,31.111783,25.369973,0.564818,0.989771
100,0.5,5,None,0,67d9ea16a7ca6be5ba14a8def4dd8473,67d9ea16a7ca6be5ba14a8def4dd8473,73.492443,71.447847,32317690,32317690,3.517933,3.618605,0.071365,0.999801
100,1.0,5,None,0,67d9ea16a7ca6be5ba14a8def4dd8473,67d9ea16a7ca6be5ba14a8def4dd8473,100.702344,92.111901,32317690,32317690,2.567383,2.806820,0.053742,0.998019
100,1.5,5,None,0,67d9ea16a7ca6be5ba14a8def4dd8473,67d9ea16a7ca6be5ba14a8def4dd8473,128.226797,115.288611,32317690,32317690,2.016283,2.242559,0.042588,0.997185
100,2.0,5,None,0,67d9ea16a7ca6be5ba14a8def4dd8473,67d9ea16a7ca6be5ba14a8def4dd8473,149.165272,137.679616,32317690,32317690,1.733255,1.877849,0.036111,0.998399
