bw,loss,delay_c2_ms,udp_off_mean,iter,md5_hash_1,md5_hash_2,ttc1,ttc2,size1_bytes,size2_bytes,thr1_mbps,thr2_mbps,link_util,jfi 
100,0,5,None,0,67d9ea16a7ca6be5ba14a8def4dd8473,67d9ea16a7ca6be5ba14a8def4dd8473,8.176752,7.815595,32317690,32317690,31.619097,33.080210,0.646993,0.999490
100,0,10,None,0,67d9ea16a7ca6be5ba14a8def4dd8473,67d9ea16a7ca6be5ba14a8def4dd8473,7.334344,7.373305,32317690,32317690,35.250805,35.064538,0.703153,0.999993
100,0,15,None,0,67d9ea16a7ca6be5ba14a8def4dd8473,67d9ea16a7ca6be5ba14a8def4dd8473,6.702754,7.435499,32317690,32317690,38.572429,34.771240,0.733437,0.997321
100,0,20,None,0,67d9ea16a7ca6be5ba14a8def4dd8473,67d9ea16a7ca6be5ba14a8def4dd8473,7.123025,7.414340,32317690,32317690,36.296592,34.870470,0.711671,0.999599
100,0,25,None,0,67d9ea16a7ca6be5ba14a8def4dd8473,67d9ea16a7ca6be5ba14a8def4dd8473,7.209371,8.034960,32317690,32317690,35.861868,32.177077,0.680389,0.997076
