bw,loss,delay_c2_ms,udp_off_mean,iter,md5_hash_1,md5_hash_2,ttc1,ttc2,size1_bytes,size2_bytes,thr1_mbps,thr2_mbps,link_util,jfi 
100,0.0,5,None,0,67d9ea16a7ca6be5ba14a8def4dd8473,67d9ea16a7ca6be5ba14a8def4dd8473,7.480667,7.551857,32317690,32317690,34.561293,34.235487,0.687968,0.999978
100,0.5,5,None,0,67d9ea16a7ca6be5ba14a8def4dd8473,67d9ea16a7ca6be5ba14a8def4dd8473,13.906807,13.913312,32317690,32317690,18.591005,18.582313,0.371733,1.000000
100,1.0,5,None,0,67d9ea16a7ca6be5ba14a8def4dd8473,67d9ea16a7ca6be5ba14a8def4dd8473,22.934257,21.696287,32317690,32317690,11.273159,11.916395,0.231896,0.999231
100,1.5,5,None,0,67d9ea16a7ca6be5ba14a8def4dd8473,67d9ea16a7ca6be5ba14a8def4dd8473,30.278699,33.326344,32317690,32317690,8.538726,7.757872,0.162966,0.997709
100,2.0,5,None,0,67d9ea16a7ca6be5ba14a8def4dd8473,67d9ea16a7ca6be5ba14a8def4dd8473,39.504627,41.353808,32317690,32317690,6.544588,6.251940,0.127965,0.999477
